{
  "n_injections": 300,
  "ks_pvalues": {
    "log_amp": 0.16396306432739727,
    "z_0": 0.49959992003628184,
    "z_1": 0.7527930067505975,
    "z_2": 0.7457548757616865,
    "z_3": 0.8244457794004811,
    "z_4": 0.6007782492125839
  },
  "combined_p": 0.8182136109052569,
  "total_divergences": 822
}