{
  "n": 353,
  "median": 0.972346054477796,
  "quantiles_5_25_50_75_95": [
    0.6421090999786477,
    0.9228003881488388,
    0.972346054477796,
    0.9884125379696701,
    0.9960252975034123
  ],
  "frac_below_0.90": 0.21246458923512748,
  "frac_below_0.95": 0.32294617563739375,
  "events": {
    "n_inj": 820,
    "ff_median_missed": 0.9506565724214996,
    "ff_median_detected": 0.9730371612091044,
    "ff_median_missed_loud": 0.932152377455299,
    "ff_median_detected_loud": 0.9728202661137954,
    "miss_rate_ff_below_med": 0.163855421686747,
    "miss_rate_ff_above_med": 0.1037037037037037,
    "miss_rate_loud_ff_lo": 0.19393939393939394,
    "miss_rate_loud_ff_hi": 0.06896551724137931
  }
}