{
  "n_events": 3163,
  "n": {
    "noise": 859,
    "inj_ccsn": 820,
    "inj_glitch": 768,
    "real_glitch": 716
  },
  "n_catalogue_indices": 859,
  "n_complete_four_class_groups": 716,
  "n_incomplete_groups": 143,
  "incomplete_indices": [
    127,
    136,
    144,
    151,
    155,
    171,
    186,
    199,
    217,
    228,
    234,
    238,
    239,
    258,
    260,
    265,
    270,
    271,
    273,
    279,
    281,
    282,
    291,
    293,
    297,
    299,
    300,
    302,
    307,
    308,
    310,
    313,
    315,
    319,
    322,
    325,
    326,
    331,
    333,
    334,
    336,
    337,
    338,
    339,
    342,
    346,
    349,
    350,
    351,
    352,
    353,
    355,
    360,
    361,
    362,
    364,
    368,
    374,
    379,
    380,
    381,
    382,
    383,
    384,
    385,
    386,
    387,
    389,
    394,
    396,
    398,
    400,
    401,
    402,
    403,
    404,
    405,
    408,
    409,
    410,
    411,
    413,
    414,
    415,
    416,
    418,
    421,
    422,
    423,
    425,
    426,
    429,
    432,
    435,
    436,
    439,
    441,
    442,
    443,
    444,
    445,
    446,
    448,
    451,
    461,
    462,
    463,
    465,
    466,
    468,
    470,
    471,
    472,
    473,
    474,
    475,
    476,
    477,
    478,
    479,
    480,
    481,
    482,
    483,
    484,
    485,
    486,
    487,
    488,
    489,
    490,
    491,
    492,
    493,
    494,
    495,
    496,
    497,
    498,
    499,
    507,
    508,
    512
  ],
  "auc_odds_signal_vs_background": 0.9753276495633074,
  "auc_odds_signal_vs_background_err": 0.0028196839031847418,
  "auc_snr_signal_vs_background": 0.637518607580442,
  "auc_snr_signal_vs_background_err": 0.0049133953940002865,
  "auc_odds_signal_vs_real_glitch": 0.957966003542717,
  "auc_odds_signal_vs_real_glitch_err": 0.005110894123481321,
  "auc_odds_signal_vs_inj_glitch": 0.9930481453252032,
  "auc_odds_signal_vs_inj_glitch_err": 0.0013211480378303977,
  "median_logBCR": {
    "noise": -0.7296917837344471,
    "inj_ccsn": 43.34595887514268,
    "inj_glitch": -36.056798295110966,
    "real_glitch": -3.2312766534594903
  },
  "real_glitch_misclassified": 61,
  "inj_glitch_misclassified": 1,
  "signal_missed": 110
}